{
  "project_info": {
    "project_number": "335428403872",
    "firebase_url": "https://ladybug-vietnam.firebaseio.com",
    "project_id": "ladybug-vietnam",
    "storage_bucket": "ladybug-vietnam.appspot.com"
  },
  "client": [
    {
      "client_info": {
        "mobilesdk_app_id": "1:335428403872:android:60bc1dcef5bfb622",
        "android_client_info": {
          "package_name": "com.ladybug.co"
        }
      },
      "oauth_client": [
        {
          "client_id": "335428403872-deibvgfs2jia9i5t62f5hldnt243qapk.apps.googleusercontent.com",
          "client_type": 1,
          "android_info": {
            "package_name": "com.ladybug.co",
            "certificate_hash": "4397d72694ba36ebb5c580747fc3ec03ed691a7a"
          }
        },
        {
          "client_id": "335428403872-f4l6ptd7lenh4kita77lcf05c5ukdqg5.apps.googleusercontent.com",
          "client_type": 3
        }
      ],
      "api_key": [
        {
          "current_key": "AIzaSyCFgvq9PWpMej20AWrKZZA52672RzjwQF8"
        }
      ],
      "services": {
        "appinvite_service": {
          "other_platform_oauth_client": [
            {
              "client_id": "335428403872-f4l6ptd7lenh4kita77lcf05c5ukdqg5.apps.googleusercontent.com",
              "client_type": 3
            }
          ]
        }
      }
    }
  ],
  "configuration_version": "1"
}